name,loss
c4_original-d=1024_l=24_h=8-0.25,"tokens
2.097152e+06    11.021726
2.306867e+07     9.303206
4.404019e+07     8.256299
6.501171e+07     7.316289
8.598323e+07     6.891155
                  ...    
1.986003e+09     3.532320
2.006974e+09     3.562413
2.027946e+09     3.540241
2.048918e+09     3.529097
2.057306e+09     3.525357
Name: train_loss, Length: 108, dtype: float64"
c4_original-d=1024_l=24_h=8-0.5,"tokens
2.097152e+06    11.021726
2.306867e+07     9.303201
4.404019e+07     8.256302
6.501171e+07     7.316431
8.598323e+07     6.885633
                  ...    
4.049601e+09     3.137016
4.070572e+09     3.171887
4.091544e+09     3.129392
4.112515e+09     3.157667
4.115661e+09     3.148830
Name: train_loss, Length: 206, dtype: float64"
c4_original-d=1024_l=24_h=8-1.0,"tokens
2.097152e+06    11.021726
2.306867e+07     9.303201
4.404019e+07     8.256296
6.501171e+07     7.316342
8.598323e+07     6.884189
                  ...    
8.160018e+09     3.031110
8.180990e+09     3.056576
8.201961e+09     3.043721
8.222933e+09     3.002790
8.231322e+09     3.013120
Name: train_loss, Length: 400, dtype: float64"
c4_original-d=1024_l=24_h=8-16.0,"tokens
2.097152e+06    11.021726
2.306867e+07     9.303205
4.404019e+07     8.256298
6.501171e+07     7.316293
8.598323e+07     6.890328
                  ...    
8.722684e+10     2.835178
8.724781e+10     2.832255
8.726879e+10     2.819568
8.728976e+10     2.827491
8.731073e+10     2.843297
Name: train_loss, Length: 4169, dtype: float64"
c4_original-d=1024_l=24_h=8-2.0,"tokens
2.097152e+06    11.021726
2.306867e+07     9.303202
4.404019e+07     8.256297
6.501171e+07     7.316344
8.598323e+07     6.883880
                  ...    
1.640183e+10     2.955775
1.642280e+10     2.911447
1.644377e+10     2.973780
1.646369e+10     2.913557
1.646474e+10     2.951313
Name: train_loss, Length: 794, dtype: float64"
c4_original-d=1024_l=24_h=8-4.0,"tokens
2.097152e+06    11.021726
2.306867e+07     9.303203
4.404019e+07     8.256299
6.501171e+07     7.316324
8.598323e+07     6.888441
                  ...    
2.971455e+10     2.858325
2.973552e+10     2.899529
2.975649e+10     2.873776
2.977746e+10     2.871664
2.979843e+10     2.861520
Name: train_loss, Length: 1429, dtype: float64"
c4_original-d=1024_l=24_h=8-8.0,"tokens
2.097152e+06    11.021726
2.306867e+07     9.303206
4.404019e+07     8.256298
6.501171e+07     7.316239
8.598323e+07     6.891250
                  ...    
6.578976e+10     2.839320
6.581073e+10     2.802645
6.583170e+10     2.815210
6.585267e+10     2.788130
6.585791e+10     2.800995
Name: train_loss, Length: 3151, dtype: float64"
c4_original-d=512_l=8_h=4-0.25,"tokens
2097152.0      10.994781
23068672.0      9.322197
44040192.0      7.628721
65011712.0      7.016988
85983232.0      6.651779
106954752.0     6.350710
127926272.0     6.145497
148897792.0     5.951272
169869312.0     5.752442
190840832.0     5.616484
211812352.0     5.492490
232783872.0     5.345312
253755392.0     5.267811
269484032.0     5.200755
270532608.0     5.212961
291504128.0     5.147113
312475648.0     5.035297
333447168.0     4.996430
354418688.0     4.952055
375390208.0     4.877035
394264576.0     4.817761
Name: train_loss, dtype: float64"
c4_original-d=512_l=8_h=4-0.5,"tokens
2097152.0      10.994781
23068672.0      9.322198
44040192.0      7.628741
65011712.0      7.016835
85983232.0      6.649357
106954752.0     6.349486
127926272.0     6.139728
148897792.0     5.937281
169869312.0     5.743713
190840832.0     5.620497
211812352.0     5.496463
232783872.0     5.353571
253755392.0     5.265434
269484032.0     5.190994
270532608.0     5.212814
291504128.0     5.114839
312475648.0     5.036712
333447168.0     5.012071
354418688.0     4.944675
375390208.0     4.857929
396361728.0     4.847281
417333248.0     4.916027
438304768.0     4.870193
459276288.0     4.645235
480247808.0     4.658575
501219328.0     4.520676
522190848.0     4.447608
537919488.0     4.404447
538968064.0     4.405061
559939584.0     4.388366
580911104.0     4.299962
601882624.0     4.262557
622854144.0     4.231313
643825664.0     4.193006
664797184.0     4.151063
685768704.0     4.164588
706740224.0     4.144052
727711744.0     4.124953
748683264.0     4.095820
769654784.0     4.053708
788529152.0     4.104005
Name: train_loss, dtype: float64"
c4_original-d=512_l=8_h=4-1.0,"tokens
2.097152e+06    10.994781
2.306867e+07     9.322193
4.404019e+07     7.628764
6.501171e+07     7.017066
8.598323e+07     6.655198
                  ...    
1.512047e+09     3.798708
1.533018e+09     3.805040
1.553990e+09     3.817479
1.574961e+09     3.777082
1.578107e+09     3.796786
Name: train_loss, Length: 83, dtype: float64"
c4_original-d=512_l=8_h=4-16.0,"tokens
2.097152e+06    10.994781
2.306867e+07     9.322188
4.404019e+07     7.628708
6.501171e+07     7.016905
8.598323e+07     6.646727
                  ...    
2.516792e+10     3.363736
2.518889e+10     3.363228
2.520986e+10     3.384398
2.523084e+10     3.380837
2.525181e+10     3.351774
Name: train_loss, Length: 1213, dtype: float64"
c4_original-d=512_l=8_h=4-2.0,"tokens
2.097152e+06    10.994781
2.306867e+07     9.322199
4.404019e+07     7.628712
6.501171e+07     7.016826
8.598323e+07     6.647387
                  ...    
3.084911e+09     3.606324
3.105882e+09     3.642397
3.126854e+09     3.644450
3.147825e+09     3.649898
3.156214e+09     3.638974
Name: train_loss, Length: 159, dtype: float64"
c4_original-d=512_l=8_h=4-32.0,"tokens
2.097152e+06    10.994781
2.306867e+07     9.322196
4.404019e+07     7.628793
6.501171e+07     7.017051
8.598323e+07     6.653288
                  ...    
5.043860e+10     3.298038
5.045957e+10     3.301720
5.048055e+10     3.281578
5.050152e+10     3.306744
5.050466e+10     3.314152
Name: train_loss, Length: 2417, dtype: float64"
c4_original-d=512_l=8_h=4-4.0,"tokens
2.097152e+06    10.994781
2.306867e+07     9.322197
4.404019e+07     7.628728
6.501171e+07     7.017138
8.598323e+07     6.655121
                  ...    
6.230639e+09     3.491356
6.251610e+09     3.539995
6.272582e+09     3.518810
6.293553e+09     3.510671
6.312428e+09     3.524031
Name: train_loss, Length: 311, dtype: float64"
c4_original-d=512_l=8_h=4-8.0,"tokens
2.097152e+06    10.994781
2.306867e+07     9.322195
4.404019e+07     7.628754
6.501171e+07     7.016951
8.598323e+07     6.649785
                  ...    
1.256404e+10     3.470637
1.258501e+10     3.460809
1.260598e+10     3.446181
1.262590e+10     3.442847
1.262695e+10     3.447702
Name: train_loss, Length: 613, dtype: float64"
c4_original-d=576_l=24_h=8-0.25,"tokens
2097152.0      10.989831
23068672.0      8.970335
44040192.0      7.384589
65011712.0      6.865943
85983232.0      6.493991
106954752.0     6.198691
127926272.0     5.992016
148897792.0     5.799787
169869312.0     5.588215
190840832.0     5.454214
211812352.0     5.337758
232783872.0     5.206342
253755392.0     5.168607
269484032.0     5.361551
270532608.0     5.310555
291504128.0     5.469995
312475648.0     5.091357
333447168.0     4.948151
354418688.0     4.915245
375390208.0     5.067139
396361728.0     5.335386
417333248.0     4.975825
438304768.0     4.781849
459276288.0     4.665168
480247808.0     4.657168
501219328.0     4.519891
522190848.0     4.431350
537919488.0     4.370941
538968064.0     4.373435
559939584.0     4.313938
580911104.0     4.230275
601882624.0     4.182472
622854144.0     4.136359
643825664.0     4.093272
664797184.0     4.045679
685768704.0     4.057582
706740224.0     4.033083
727711744.0     4.012121
748683264.0     3.986116
767557632.0     3.972408
Name: train_loss, dtype: float64"
c4_original-d=576_l=24_h=8-0.5,"tokens
2.097152e+06    10.989831
2.306867e+07     8.970332
4.404019e+07     7.384543
6.501171e+07     6.863644
8.598323e+07     6.494984
                  ...    
1.470104e+09     3.627067
1.491075e+09     3.652771
1.512047e+09     3.634280
1.533018e+09     3.641645
1.536164e+09     3.642535
Name: train_loss, Length: 81, dtype: float64"
c4_original-d=576_l=24_h=8-1.0,"tokens
2.097152e+06    10.989831
2.306867e+07     8.970338
4.404019e+07     7.384653
6.501171e+07     6.863286
8.598323e+07     6.499188
                  ...    
3.001025e+09     3.460457
3.021996e+09     3.455832
3.042968e+09     3.426822
3.063939e+09     3.474679
3.073376e+09     3.442380
Name: train_loss, Length: 155, dtype: float64"
c4_original-d=576_l=24_h=8-16.0,"tokens
2.097152e+06    10.989831
2.306867e+07     8.970331
4.404019e+07     7.384549
6.501171e+07     6.867263
8.598323e+07     6.497891
                  ...    
1.228721e+10     3.247711
1.230819e+10     3.247275
1.232916e+10     3.258529
1.235013e+10     3.242053
1.237110e+10     3.228907
Name: train_loss, Length: 592, dtype: float64"
c4_original-d=576_l=24_h=8-2.0,"tokens
2.097152e+06    10.989831
2.306867e+07     8.970335
4.404019e+07     7.384444
6.501171e+07     6.868191
8.598323e+07     6.508814
                  ...    
6.062866e+09     3.288387
6.083838e+09     3.285231
6.104809e+09     3.267291
6.125781e+09     3.286651
6.146753e+09     3.308891
Name: train_loss, Length: 303, dtype: float64"
c4_original-d=576_l=24_h=8-32.0,"tokens
2.097152e+06    10.989831
2.306867e+07     8.970336
4.404019e+07     7.384506
6.501171e+07     6.863658
8.598323e+07     6.497398
                  ...    
9.827464e+10     3.001698
9.829561e+10     2.994829
9.831658e+10     3.004790
9.833755e+10     2.968032
9.835328e+10     3.016598
Name: train_loss, Length: 4699, dtype: float64"
c4_original-d=576_l=24_h=8-4.0,"tokens
2.097152e+06    10.989831
2.306867e+07     8.970334
4.404019e+07     7.384643
6.501171e+07     6.862727
8.598323e+07     6.492744
                  ...    
1.222849e+10     3.195033
1.224946e+10     3.215353
1.227044e+10     3.167977
1.229141e+10     3.186900
1.229351e+10     3.196943
Name: train_loss, Length: 597, dtype: float64"
c4_original-d=576_l=24_h=8-8.0,"tokens
2.097152e+06    10.989831
2.306867e+07     8.970331
4.404019e+07     7.384654
6.501171e+07     6.864147
8.598323e+07     6.494748
                  ...    
1.228721e+10     3.220438
1.230819e+10     3.218763
1.232916e+10     3.230507
1.235013e+10     3.214175
1.237110e+10     3.199228
Name: train_loss, Length: 594, dtype: float64"
c4_original-d=96_l=8_h=4-0.25,"tokens
262144.0      11.023603
2883584.0     10.126252
5505024.0      8.371327
8126464.0      7.563015
10747904.0     7.191650
13369344.0     6.807558
15990784.0     6.719315
18612224.0     6.560158
21233664.0     6.391665
23855104.0     6.319117
26476544.0     6.232050
29097984.0     6.187009
31719424.0     6.236094
34340864.0     6.076320
36962304.0     6.138780
39583744.0     6.026792
42205184.0     6.043872
44826624.0     5.963348
47448064.0     6.022185
50069504.0     5.922995
52690944.0     5.974842
52822016.0     5.995735
Name: train_loss, dtype: float64"
c4_original-d=96_l=8_h=4-0.5,"tokens
262144.0       11.023603
2883584.0      10.126241
5505024.0       8.371317
8126464.0       7.563027
10747904.0      7.190650
13369344.0      6.806267
15990784.0      6.719568
18612224.0      6.560072
21233664.0      6.387637
23855104.0      6.313146
26476544.0      6.220285
29097984.0      6.169153
31719424.0      6.215689
34340864.0      6.040445
36962304.0      6.089408
39583744.0      5.954786
42205184.0      5.952614
44826624.0      5.842931
47448064.0      5.876748
50069504.0      5.755600
52690944.0      5.789039
55312384.0      5.789656
57933824.0      5.759635
60555264.0      5.682362
63176704.0      5.705633
65798144.0      5.705717
68419584.0      5.646432
71041024.0      5.673720
73662464.0      5.535035
76283904.0      5.688108
78905344.0      5.595149
81526784.0      5.664241
84148224.0      5.693225
86769664.0      5.526203
89391104.0      5.652472
92012544.0      5.569302
94633984.0      5.582868
97255424.0      5.513878
99876864.0      5.502637
102498304.0     5.562968
105119744.0     5.554188
105644032.0     5.560940
Name: train_loss, dtype: float64"
c4_original-d=96_l=8_h=4-1.0,"tokens
262144.0       11.023603
2883584.0      10.126254
5505024.0       8.371325
8126464.0       7.563045
10747904.0      7.191669
                 ...    
202113024.0     5.259398
204734464.0     5.223192
207355904.0     5.241305
209977344.0     5.279121
211288064.0     5.191756
Name: train_loss, Length: 82, dtype: float64"
c4_original-d=96_l=8_h=4-16.0,"tokens
2.621440e+05    11.023603
2.883584e+06    10.126259
5.505024e+06     8.371346
8.126464e+06     7.563009
1.074790e+07     7.189913
                  ...    
3.373531e+09     4.536428
3.376153e+09     4.507858
3.378774e+09     4.597275
3.381395e+09     4.504595
3.382051e+09     4.517200
Name: train_loss, Length: 1299, dtype: float64"
c4_original-d=96_l=8_h=4-2.0,"tokens
262144.0       11.023603
2883584.0      10.126236
5505024.0       8.371328
8126464.0       7.563000
10747904.0      7.191152
                 ...    
412876800.0     5.001913
415498240.0     5.018023
418119680.0     5.028586
420741120.0     5.035734
422707200.0     5.059246
Name: train_loss, Length: 164, dtype: float64"
c4_original-d=96_l=8_h=4-32.0,"tokens
2.621440e+05    11.023603
2.883584e+06    10.126233
5.505024e+06     8.371341
8.126464e+06     7.562948
1.074790e+07     7.190812
                  ...    
6.755713e+09     4.384703
6.758334e+09     4.423881
6.760956e+09     4.512759
6.763577e+09     4.395637
6.764233e+09     4.365041
Name: train_loss, Length: 2587, dtype: float64"
c4_original-d=96_l=8_h=4-4.0,"tokens
262144.0       11.023603
2883584.0      10.126250
5505024.0       8.371333
8126464.0       7.562976
10747904.0      7.191064
                 ...    
837025792.0     4.782923
839647232.0     4.757182
842268672.0     4.758271
844890112.0     4.802823
845414400.0     4.793436
Name: train_loss, Length: 329, dtype: float64"
c4_original-d=96_l=8_h=4-8.0,"tokens
2.621440e+05    11.023603
2.883584e+06    10.126251
5.505024e+06     8.371334
8.126464e+06     7.563020
1.074790e+07     7.192521
                  ...    
1.681654e+09     4.596848
1.684275e+09     4.574730
1.686897e+09     4.664707
1.689518e+09     4.599280
1.690960e+09     4.620780
Name: train_loss, Length: 656, dtype: float64"
c4_original-open_lm_1b-1.0,"tokens
1.048576e+06    11.010239
1.153434e+07     9.062767
2.202010e+07     8.139162
3.250586e+07     7.367986
4.299162e+07     6.930748
                  ...    
2.876349e+10     2.679584
2.877397e+10     2.627777
2.878446e+10     2.635589
2.879495e+10     2.675319
2.879547e+10     2.664804
Name: train_loss, Length: 2753, dtype: float64"
rpj-d=1024_l=24_h=8-0.25,"tokens
2.097152e+06    11.010830
2.306867e+07     9.420579
4.404019e+07     8.398639
6.501171e+07     7.564900
8.598323e+07     7.013448
                  ...    
1.978663e+09     3.411138
1.999634e+09     3.420694
2.020606e+09     3.378035
2.041577e+09     3.421264
2.057306e+09     3.379022
Name: train_loss, Length: 101, dtype: float64"
rpj-d=1024_l=24_h=8-0.5,"tokens
2.097152e+06    11.010830
2.306867e+07     9.420581
4.404019e+07     8.398639
6.501171e+07     7.564781
8.598323e+07     7.013495
                  ...    
4.033872e+09     2.943826
4.054843e+09     2.969089
4.075815e+09     3.015372
4.096786e+09     2.952726
4.115661e+09     2.959406
Name: train_loss, Length: 199, dtype: float64"
rpj-d=1024_l=24_h=8-1.0,"tokens
2.097152e+06    11.010830
2.306867e+07     9.420586
4.404019e+07     8.398640
6.501171e+07     7.564809
8.598323e+07     7.013531
                  ...    
8.166310e+09     2.894589
8.187281e+09     2.810118
8.208253e+09     2.852213
8.229224e+09     2.825490
8.231322e+09     2.885264
Name: train_loss, Length: 397, dtype: float64"
rpj-d=1024_l=24_h=8-16.0,"tokens
2.097152e+06    11.010830
2.306867e+07     9.420588
4.404019e+07     8.398634
6.501171e+07     7.564743
8.598323e+07     7.013485
                  ...    
9.831449e+10     2.636642
9.833546e+10     2.623024
9.835643e+10     2.633126
9.837740e+10     2.660025
9.839837e+10     2.584048
Name: train_loss, Length: 4694, dtype: float64"
rpj-d=1024_l=24_h=8-2.0,"tokens
2.097152e+06    11.010830
2.306867e+07     9.420582
4.404019e+07     8.398640
6.501171e+07     7.564816
8.598323e+07     7.013722
                  ...    
1.640183e+10     2.730386
1.642280e+10     2.731691
1.644377e+10     2.724498
1.646369e+10     2.779048
1.646474e+10     2.744154
Name: train_loss, Length: 790, dtype: float64"
rpj-d=1024_l=24_h=8-32.0,"tokens
2.097152e+06    11.010830
2.306867e+07     9.420582
4.404019e+07     8.398637
6.501171e+07     7.564857
8.598323e+07     7.013594
                  ...    
9.771785e+10     2.706070
9.773882e+10     2.724658
9.775979e+10     2.753949
9.778076e+10     2.740157
9.780173e+10     2.713330
Name: train_loss, Length: 4665, dtype: float64"
rpj-d=1024_l=24_h=8-4.0,"tokens
2.097152e+06    11.010830
2.306867e+07     9.420583
4.404019e+07     8.398641
6.501171e+07     7.564826
8.598323e+07     7.013477
                  ...    
3.286342e+10     2.692573
3.288439e+10     2.675140
3.290536e+10     2.601534
3.292633e+10     2.696151
3.292843e+10     2.665890
Name: train_loss, Length: 1574, dtype: float64"
rpj-d=1024_l=24_h=8-8.0,"tokens
2.097152e+06    11.010830
2.306867e+07     9.420580
4.404019e+07     8.398642
6.501171e+07     7.564836
8.598323e+07     7.013504
                  ...    
6.579185e+10     2.617879
6.581282e+10     2.614252
6.583380e+10     2.603405
6.585477e+10     2.565853
6.585791e+10     2.598205
Name: train_loss, Length: 3145, dtype: float64"
rpj-d=512_l=8_h=4-0.25,"tokens
2097152.0      10.997387
23068672.0      9.445856
44040192.0      7.825159
65011712.0      7.302130
85983232.0      6.772342
106954752.0     6.452924
127926272.0     6.203623
148897792.0     6.006878
169869312.0     5.796057
190840832.0     5.640125
210763776.0     5.523746
231735296.0     5.500009
252706816.0     5.299942
273678336.0     5.204969
294649856.0     5.192495
315621376.0     5.045121
336592896.0     4.956361
357564416.0     4.876884
363855872.0     4.823781
384827392.0     5.044904
394264576.0     4.893424
Name: train_loss, dtype: float64"
rpj-d=512_l=8_h=4-0.5,"tokens
2097152.0      10.997387
23068672.0      9.445851
44040192.0      7.825174
65011712.0      7.301847
85983232.0      6.761679
106954752.0     6.451556
127926272.0     6.208144
148897792.0     6.025785
169869312.0     5.789300
190840832.0     5.629104
210763776.0     5.523204
231735296.0     5.451471
252706816.0     5.301976
273678336.0     5.265633
294649856.0     5.103894
315621376.0     5.030329
336592896.0     4.962401
357564416.0     4.878238
363855872.0     4.837836
384827392.0     4.775032
405798912.0     4.818645
426770432.0     4.539703
447741952.0     4.527099
468713472.0     4.462347
489684992.0     4.278857
510656512.0     4.313130
531628032.0     4.198205
552599552.0     4.147662
572522496.0     4.077907
593494016.0     4.077747
614465536.0     4.054286
635437056.0     4.034839
656408576.0     4.023947
677380096.0     3.931319
698351616.0     3.950648
710934528.0     3.922830
731906048.0     3.869031
752877568.0     3.977715
773849088.0     3.920381
788529152.0     3.915571
Name: train_loss, dtype: float64"
rpj-d=512_l=8_h=4-1.0,"tokens
2.097152e+06    10.997387
2.306867e+07     9.445856
4.404019e+07     7.825160
6.501171e+07     7.301813
8.598323e+07     6.760878
                  ...    
1.510998e+09     3.659307
1.531970e+09     3.625344
1.552941e+09     3.587199
1.573913e+09     3.674474
1.578107e+09     3.667157
Name: train_loss, Length: 80, dtype: float64"
rpj-d=512_l=8_h=4-16.0,"tokens
2.097152e+06    10.997387
2.306867e+07     9.445853
4.404019e+07     7.825151
6.501171e+07     7.301833
8.598323e+07     6.769679
                  ...    
2.518260e+10     3.154645
2.520357e+10     3.228067
2.522454e+10     3.158814
2.524552e+10     3.198465
2.525181e+10     3.183718
Name: train_loss, Length: 1208, dtype: float64"
rpj-d=512_l=8_h=4-2.0,"tokens
2.097152e+06    10.997387
2.306867e+07     9.445855
4.404019e+07     7.825166
6.501171e+07     7.301591
8.598323e+07     6.768887
                  ...    
3.107979e+09     3.488034
3.111125e+09     3.420981
3.132097e+09     3.464050
3.153068e+09     3.443166
3.156214e+09     3.478718
Name: train_loss, Length: 155, dtype: float64"
rpj-d=512_l=8_h=4-32.0,"tokens
2.097152e+06    10.997387
2.306867e+07     9.445856
4.404019e+07     7.825160
6.501171e+07     7.301621
8.598323e+07     6.766436
                  ...    
5.042707e+10     3.118881
5.044804e+10     3.110599
5.046901e+10     3.145195
5.048998e+10     3.141400
5.050466e+10     3.111696
Name: train_loss, Length: 2412, dtype: float64"
rpj-d=512_l=8_h=4-4.0,"tokens
2.097152e+06    10.997387
2.306867e+07     9.445855
4.404019e+07     7.825172
6.501171e+07     7.301565
8.598323e+07     6.765379
                  ...    
6.228541e+09     3.325346
6.249513e+09     3.362439
6.270484e+09     3.379387
6.291456e+09     3.289363
6.312428e+09     3.382971
Name: train_loss, Length: 304, dtype: float64"
rpj-d=512_l=8_h=4-8.0,"tokens
2.097152e+06    10.997387
2.306867e+07     9.445845
4.404019e+07     7.825161
6.501171e+07     7.301870
8.598323e+07     6.758766
                  ...    
1.255145e+10     3.259301
1.257243e+10     3.228900
1.259340e+10     3.283531
1.261437e+10     3.297750
1.262590e+10     3.261984
Name: train_loss, Length: 606, dtype: float64"
rpj-d=576_l=24_h=8-0.25,"tokens
2097152.0      10.995788
23068672.0      9.117744
44040192.0      7.591020
65011712.0      7.055949
85983232.0      6.518930
106954752.0     6.224353
127926272.0     5.969767
148897792.0     5.814221
169869312.0     5.595987
190840832.0     5.442635
210763776.0     5.360183
231735296.0     5.265880
252706816.0     5.091164
273678336.0     5.077639
294649856.0     5.194978
315621376.0     5.354834
336592896.0     4.981564
357564416.0     4.833680
363855872.0     4.782355
384827392.0     4.784611
405798912.0     4.639278
426770432.0     4.656239
447741952.0     5.011268
468713472.0     4.531779
489684992.0     4.301202
510656512.0     4.285228
531628032.0     4.184053
552599552.0     4.104445
572522496.0     4.022740
593494016.0     4.016757
614465536.0     3.980054
635437056.0     3.955057
656408576.0     3.938212
677380096.0     3.842178
698351616.0     3.857128
710934528.0     3.831320
731906048.0     3.779388
752877568.0     3.885660
767557632.0     3.795333
Name: train_loss, dtype: float64"
rpj-d=576_l=24_h=8-0.5,"tokens
2.097152e+06    10.995788
2.306867e+07     9.117743
4.404019e+07     7.591247
6.501171e+07     7.032294
8.598323e+07     6.523961
                  ...    
1.469055e+09     3.459813
1.490026e+09     3.475108
1.510998e+09     3.488097
1.531970e+09     3.455483
1.536164e+09     3.427515
Name: train_loss, Length: 78, dtype: float64"
rpj-d=576_l=24_h=8-1.0,"tokens
2.097152e+06    10.995788
2.306867e+07     9.117744
4.404019e+07     7.591044
6.501171e+07     7.026943
8.598323e+07     6.527894
                  ...    
2.991587e+09     3.212092
3.012559e+09     3.245683
3.033530e+09     3.265839
3.054502e+09     3.217739
3.073376e+09     3.236633
Name: train_loss, Length: 150, dtype: float64"
rpj-d=576_l=24_h=8-16.0,"tokens
2.097152e+06    10.995788
2.306867e+07     9.117743
4.404019e+07     7.591207
6.501171e+07     7.096809
8.598323e+07     6.525059
                  ...    
4.909538e+10     2.889755
4.911635e+10     2.899987
4.913732e+10     2.919485
4.915829e+10     2.795185
4.917612e+10     2.901236
Name: train_loss, Length: 2349, dtype: float64"
rpj-d=576_l=24_h=8-2.0,"tokens
2.097152e+06    10.995788
2.306867e+07     9.117741
4.404019e+07     7.591141
6.501171e+07     7.038435
8.598323e+07     6.528426
                  ...    
6.081741e+09     3.121425
6.102712e+09     3.124458
6.123684e+09     3.081078
6.144655e+09     3.084930
6.146753e+09     3.101367
Name: train_loss, Length: 297, dtype: float64"
rpj-d=576_l=24_h=8-32.0,"tokens
2.097152e+06    10.995788
2.306867e+07     9.117739
4.404019e+07     7.591126
6.501171e+07     7.023755
8.598323e+07     6.527452
                  ...    
9.828093e+10     2.787903
9.830190e+10     2.800111
9.832287e+10     2.824531
9.834385e+10     2.791456
9.835328e+10     2.750154
Name: train_loss, Length: 4694, dtype: float64"
rpj-d=576_l=24_h=8-4.0,"tokens
2.097152e+06    10.995788
2.306867e+07     9.117738
4.404019e+07     7.591258
6.501171e+07     7.058763
8.598323e+07     6.527985
                  ...    
1.221381e+10     3.001956
1.223478e+10     3.016217
1.225576e+10     2.969867
1.227673e+10     3.032172
1.229351e+10     3.039474
Name: train_loss, Length: 589, dtype: float64"
rpj-d=576_l=24_h=8-8.0,"tokens
2.097152e+06    10.995788
2.306867e+07     9.117734
4.404019e+07     7.591172
6.501171e+07     7.054632
8.598323e+07     6.520799
                  ...    
2.452095e+10     2.947306
2.454192e+10     2.934411
2.456289e+10     2.929731
2.458386e+10     2.895731
2.458806e+10     2.951792
Name: train_loss, Length: 1177, dtype: float64"
rpj-d=96_l=8_h=4-0.25,"tokens
262144.0      11.016332
2883584.0     10.166795
5505024.0      8.624044
8126464.0      7.767417
10747904.0     7.383202
13369344.0     7.151350
15990784.0     6.911855
18612224.0     6.747596
21233664.0     6.551177
23855104.0     6.495156
26476544.0     6.451508
29097984.0     6.357961
31719424.0     6.130880
34340864.0     6.199903
36962304.0     6.166229
39583744.0     6.313249
42205184.0     6.176732
44826624.0     6.049426
47448064.0     6.139075
50069504.0     5.992626
52690944.0     6.071049
52822016.0     6.004568
Name: train_loss, dtype: float64"
rpj-d=96_l=8_h=4-0.5,"tokens
262144.0       11.016332
2883584.0      10.166798
5505024.0       8.624071
8126464.0       7.767572
10747904.0      7.383228
13369344.0      7.145560
15990784.0      6.903540
18612224.0      6.744759
21233664.0      6.551165
23855104.0      6.487717
26476544.0      6.437495
29097984.0      6.334589
31719424.0      6.100808
34340864.0      6.159170
36962304.0      6.111591
39583744.0      6.238222
42205184.0      6.078207
44826624.0      5.939297
47448064.0      5.995732
50069504.0      5.840106
52690944.0      5.890686
55312384.0      5.874780
57933824.0      5.858683
60555264.0      5.862593
63176704.0      5.841760
65798144.0      5.671948
68419584.0      5.745128
71041024.0      5.733424
73662464.0      5.867561
76283904.0      5.742061
78905344.0      5.646411
81526784.0      5.672029
84148224.0      5.662291
86769664.0      5.751878
89391104.0      5.637886
92012544.0      5.658332
94633984.0      5.647295
97255424.0      5.626689
99876864.0      5.562253
102498304.0     5.648491
105119744.0     5.587968
105644032.0     5.705338
Name: train_loss, dtype: float64"
rpj-d=96_l=8_h=4-1.0,"tokens
262144.0       11.016332
2883584.0      10.166784
5505024.0       8.624052
8126464.0       7.767438
10747904.0      7.383307
                 ...    
202113024.0     5.314166
204734464.0     5.136099
207355904.0     5.310723
209190912.0     5.347848
211288064.0     5.210523
Name: train_loss, Length: 82, dtype: float64"
rpj-d=96_l=8_h=4-16.0,"tokens
2.621440e+05    11.016332
2.883584e+06    10.166792
5.505024e+06     8.624059
8.126464e+06     7.767532
1.074790e+07     7.382873
                  ...    
3.373793e+09     4.192243
3.376415e+09     4.305549
3.379036e+09     4.343316
3.381658e+09     4.278399
3.382051e+09     4.399248
Name: train_loss, Length: 1295, dtype: float64"
rpj-d=96_l=8_h=4-2.0,"tokens
262144.0       11.016332
2883584.0      10.166794
5505024.0       8.624036
8126464.0       7.767352
10747904.0      7.382045
                 ...    
413270016.0     5.018738
415891456.0     4.941179
418512896.0     5.009498
421134336.0     4.929061
422707200.0     4.997646
Name: train_loss, Length: 163, dtype: float64"
rpj-d=96_l=8_h=4-32.0,"tokens
2.621440e+05    11.016332
2.883584e+06    10.166767
5.505024e+06     8.624054
8.126464e+06     7.767488
1.074790e+07     7.383115
                  ...    
6.755320e+09     4.172809
6.757941e+09     4.398959
6.760563e+09     4.284216
6.763184e+09     4.159650
6.764233e+09     4.172674
Name: train_loss, Length: 2583, dtype: float64"
rpj-d=96_l=8_h=4-4.0,"tokens
262144.0       11.016332
2883584.0      10.166797
5505024.0       8.624078
8126464.0       7.767466
10747904.0      7.382920
                 ...    
836239360.0     4.573688
838860800.0     4.643411
841482240.0     4.599366
844103680.0     4.545903
845414400.0     4.557551
Name: train_loss, Length: 326, dtype: float64"
rpj-d=96_l=8_h=4-8.0,"tokens
2.621440e+05    11.016332
2.883584e+06    10.166802
5.505024e+06     8.624059
8.126464e+06     7.767474
1.074790e+07     7.383291
                  ...    
1.680474e+09     4.322535
1.683096e+09     4.497537
1.685717e+09     4.413009
1.688338e+09     4.582208
1.690960e+09     4.432467
Name: train_loss, Length: 649, dtype: float64"
rpj-open_lm_1b-1.0,"tokens
1.048576e+06    11.006678
1.153434e+07     9.226816
2.202010e+07     8.400040
3.250586e+07     7.553180
4.299162e+07     7.067337
                  ...    
2.875615e+10     2.526249
2.876663e+10     2.486310
2.877712e+10     2.495337
2.878761e+10     2.548784
2.879547e+10     2.454516
Name: train_loss, Length: 2750, dtype: float64"
rw_original-d=1024_l=24_h=8-0.25,"tokens
2.097152e+06    11.006343
2.306867e+07     9.412923
4.404019e+07     8.397032
6.501171e+07     7.468664
8.598323e+07     7.032460
                  ...    
1.992294e+09     3.621245
2.013266e+09     3.629175
2.034237e+09     3.621599
2.055209e+09     3.637379
2.057306e+09     3.600610
Name: train_loss, Length: 106, dtype: float64"
rw_original-d=1024_l=24_h=8-0.5,"tokens
2.097152e+06    11.006343
2.306867e+07     9.412924
4.404019e+07     8.397038
6.501171e+07     7.468681
8.598323e+07     7.032440
                  ...    
4.041212e+09     3.276110
4.062183e+09     3.275909
4.083155e+09     3.282989
4.104126e+09     3.265545
4.115661e+09     3.271143
Name: train_loss, Length: 200, dtype: float64"
rw_original-d=1024_l=24_h=8-1.0,"tokens
2.097152e+06    11.006343
2.306867e+07     9.412918
4.404019e+07     8.397027
6.501171e+07     7.468647
8.598323e+07     7.032164
                  ...    
8.154776e+09     3.147984
8.175747e+09     3.152999
8.196719e+09     3.143138
8.217690e+09     3.146977
8.231322e+09     3.148496
Name: train_loss, Length: 396, dtype: float64"
rw_original-d=1024_l=24_h=8-16.0,"tokens
2.097152e+06    11.006343
2.306867e+07     9.412922
4.404019e+07     8.397033
6.501171e+07     7.468655
8.598323e+07     7.032282
                  ...    
1.012515e+11     2.918691
1.012725e+11     2.907257
1.012935e+11     2.910336
1.013145e+11     2.909028
1.013354e+11     2.933465
Name: train_loss, Length: 4834, dtype: float64"
rw_original-d=1024_l=24_h=8-2.0,"tokens
2.097152e+06    11.006343
2.306867e+07     9.412920
4.404019e+07     8.397028
6.501171e+07     7.468660
8.598323e+07     7.032346
                  ...    
1.639134e+10     3.051841
1.641231e+10     3.051844
1.643328e+10     3.066541
1.645425e+10     3.056690
1.646369e+10     3.076194
Name: train_loss, Length: 789, dtype: float64"
rw_original-d=1024_l=24_h=8-32.0,"tokens
2.097152e+06    11.006343
2.306867e+07     9.412927
4.404019e+07     8.397034
6.501171e+07     7.468676
8.598323e+07     7.032315
                  ...    
1.009915e+11     2.971505
1.010125e+11     2.990005
1.010334e+11     2.997418
1.010544e+11     3.002528
1.010754e+11     2.989830
Name: train_loss, Length: 4821, dtype: float64"
rw_original-d=1024_l=24_h=8-4.0,"tokens
2.097152e+06    11.006343
2.306867e+07     9.412923
4.404019e+07     8.397035
6.501171e+07     7.468664
8.598323e+07     7.032275
                  ...    
3.284455e+10     2.989566
3.286552e+10     2.944864
3.288649e+10     2.992833
3.290746e+10     2.995962
3.292843e+10     2.949683
Name: train_loss, Length: 1574, dtype: float64"
rw_original-d=1024_l=24_h=8-8.0,"tokens
2.097152e+06    11.006343
2.306867e+07     9.412932
4.404019e+07     8.397032
6.501171e+07     7.468655
8.598323e+07     7.032500
                  ...    
6.578346e+10     2.906680
6.580444e+10     2.938741
6.582541e+10     2.909785
6.584638e+10     2.907024
6.585791e+10     2.912243
Name: train_loss, Length: 3144, dtype: float64"
rw_original-d=512_l=8_h=4-0.25,"tokens
2097152.0      10.993265
23068672.0      9.412346
44040192.0      7.751361
65011712.0      7.185568
85983232.0      6.781331
106954752.0     6.456069
127926272.0     6.264016
148897792.0     6.044922
169869312.0     5.941502
190840832.0     5.750423
211812352.0     5.595198
232783872.0     5.546931
253755392.0     5.401962
269484032.0     5.343992
270532608.0     5.345914
291504128.0     5.248413
312475648.0     5.116706
333447168.0     5.117139
354418688.0     5.023538
375390208.0     4.982608
394264576.0     4.888617
Name: train_loss, dtype: float64"
rw_original-d=512_l=8_h=4-0.5,"tokens
2097152.0      10.993265
23068672.0      9.412338
44040192.0      7.751397
65011712.0      7.185709
85983232.0      6.780561
106954752.0     6.442055
127926272.0     6.281272
148897792.0     6.063859
169869312.0     5.891258
190840832.0     5.764131
211812352.0     5.597873
232783872.0     5.462154
253755392.0     5.398549
269484032.0     5.339363
270532608.0     5.330973
291504128.0     5.229597
312475648.0     5.109331
333447168.0     5.108809
354418688.0     5.005048
375390208.0     5.370849
396361728.0     5.109122
417333248.0     4.925726
438304768.0     4.798186
459276288.0     4.725055
480247808.0     4.677638
501219328.0     4.597941
522190848.0     4.514882
537919488.0     4.449607
538968064.0     4.458164
559939584.0     4.416267
580911104.0     4.406094
601882624.0     4.346065
622854144.0     4.321669
643825664.0     4.306313
664797184.0     4.251437
685768704.0     4.227695
706740224.0     4.208565
727711744.0     4.204716
748683264.0     4.176349
769654784.0     4.180882
786432000.0     4.183989
788529152.0     4.154948
Name: train_loss, dtype: float64"
rw_original-d=512_l=8_h=4-1.0,"tokens
2.097152e+06    10.993265
2.306867e+07     9.412338
4.404019e+07     7.751349
6.501171e+07     7.185952
8.598323e+07     6.779529
                  ...    
1.539310e+09     3.898236
1.560281e+09     3.909966
1.576010e+09     3.927490
1.577058e+09     3.898211
1.578107e+09     3.869910
Name: train_loss, Length: 82, dtype: float64"
rw_original-d=512_l=8_h=4-16.0,"tokens
2.097152e+06    10.993265
2.306867e+07     9.412331
4.404019e+07     7.751380
6.501171e+07     7.185994
8.598323e+07     6.782081
                  ...    
2.518050e+10     3.483422
2.520148e+10     3.504617
2.522245e+10     3.472524
2.524342e+10     3.497450
2.525181e+10     3.473650
Name: train_loss, Length: 1206, dtype: float64"
rw_original-d=512_l=8_h=4-2.0,"tokens
2.097152e+06    10.993265
2.306867e+07     9.412351
4.404019e+07     7.751379
6.501171e+07     7.185843
8.598323e+07     6.782647
                  ...    
3.083862e+09     3.741474
3.104834e+09     3.763196
3.125805e+09     3.712852
3.146777e+09     3.785151
3.156214e+09     3.753816
Name: train_loss, Length: 157, dtype: float64"
rw_original-d=512_l=8_h=4-32.0,"tokens
2.097152e+06    10.993265
2.306867e+07     9.412337
4.404019e+07     7.751372
6.501171e+07     7.186127
8.598323e+07     6.782789
                  ...    
2.674813e+10     3.528686
2.676910e+10     3.530304
2.679007e+10     3.520442
2.681104e+10     3.517459
2.683201e+10     3.530179
Name: train_loss, Length: 1281, dtype: float64"
rw_original-d=512_l=8_h=4-4.0,"tokens
2.097152e+06    10.993265
2.306867e+07     9.412336
4.404019e+07     7.751385
6.501171e+07     7.185777
8.598323e+07     6.780883
                  ...    
6.241124e+09     3.655468
6.262096e+09     3.620212
6.283067e+09     3.651814
6.304039e+09     3.639273
6.312428e+09     3.645421
Name: train_loss, Length: 306, dtype: float64"
rw_original-d=512_l=8_h=4-8.0,"tokens
2.097152e+06    10.993265
2.306867e+07     9.412345
4.404019e+07     7.751409
6.501171e+07     7.185950
8.598323e+07     6.781865
                  ...    
1.255250e+10     3.538893
1.257347e+10     3.588016
1.259445e+10     3.559278
1.261542e+10     3.535962
1.262590e+10     3.560668
Name: train_loss, Length: 606, dtype: float64"
rw_original-d=576_l=24_h=8-0.25,"tokens
2097152.0      11.000032
23068672.0      9.088617
44040192.0      7.524354
65011712.0      6.933651
85983232.0      6.567016
106954752.0     6.213693
127926272.0     6.104337
148897792.0     5.859306
169869312.0     5.749743
190840832.0     5.530811
211812352.0     5.446379
232783872.0     5.391836
253755392.0     5.285492
269484032.0     5.219680
270532608.0     5.228848
291504128.0     6.182922
312475648.0     5.319816
333447168.0     5.215842
354418688.0     5.010948
375390208.0     4.997575
396361728.0     4.979622
417333248.0     6.423538
438304768.0     5.826813
459276288.0     5.001931
480247808.0     4.847570
501219328.0     4.712926
522190848.0     4.593316
537919488.0     4.531254
538968064.0     4.532376
559939584.0     4.456313
580911104.0     4.425308
601882624.0     4.347206
622854144.0     4.316446
643825664.0     4.292531
664797184.0     4.225858
685768704.0     4.197962
706740224.0     4.174820
727711744.0     4.171560
748683264.0     4.142653
767557632.0     4.144896
Name: train_loss, dtype: float64"
rw_original-d=576_l=24_h=8-0.5,"tokens
2.097152e+06    11.000032
2.306867e+07     9.088620
4.404019e+07     7.523480
6.501171e+07     6.926929
8.598323e+07     6.586123
                  ...    
1.455423e+09     3.725183
1.476395e+09     3.781402
1.497367e+09     3.761114
1.518338e+09     3.770000
1.536164e+09     3.769513
Name: train_loss, Length: 78, dtype: float64"
rw_original-d=576_l=24_h=8-1.0,"tokens
2.097152e+06    11.000032
2.306867e+07     9.088615
4.404019e+07     7.524327
6.501171e+07     6.933093
8.598323e+07     6.563920
                  ...    
3.011510e+09     3.573504
3.032482e+09     3.533809
3.053453e+09     3.566347
3.073376e+09     3.571468
3.074425e+09     3.563578
Name: train_loss, Length: 153, dtype: float64"
rw_original-d=576_l=24_h=8-16.0,"tokens
2.097152e+06    11.000032
2.306867e+07     9.088621
4.404019e+07     7.523499
6.501171e+07     6.930915
8.598323e+07     6.558008
                  ...    
4.910062e+10     3.166051
4.912159e+10     3.180541
4.914256e+10     3.202190
4.916353e+10     3.191621
4.917612e+10     3.183013
Name: train_loss, Length: 2348, dtype: float64"
rw_original-d=576_l=24_h=8-2.0,"tokens
2.097152e+06    11.000032
2.306867e+07     9.088624
4.404019e+07     7.524226
6.501171e+07     6.934240
8.598323e+07     6.566082
                  ...    
6.072304e+09     3.411025
6.093275e+09     3.400445
6.114247e+09     3.383734
6.135218e+09     3.421637
6.146753e+09     3.422761
Name: train_loss, Length: 298, dtype: float64"
rw_original-d=576_l=24_h=8-32.0,"tokens
2.097152e+06    11.000032
2.306867e+07     9.088615
4.404019e+07     7.524004
6.501171e+07     6.932209
8.598323e+07     6.560908
                  ...    
9.828408e+10     3.109399
9.830505e+10     3.092089
9.832602e+10     3.090019
9.834699e+10     3.126798
9.835328e+10     3.121484
Name: train_loss, Length: 4694, dtype: float64"
rw_original-d=576_l=24_h=8-4.0,"tokens
2.097152e+06    11.000032
2.306867e+07     9.088618
4.404019e+07     7.521605
6.501171e+07     6.972855
8.598323e+07     6.585813
                  ...    
1.210581e+10     3.306722
1.212678e+10     3.330692
1.214775e+10     3.322511
1.216872e+10     3.333352
1.218970e+10     3.295335
Name: train_loss, Length: 584, dtype: float64"
rw_original-d=576_l=24_h=8-8.0,"tokens
2.097152e+06    11.000032
2.306867e+07     9.088624
4.404019e+07     7.522576
6.501171e+07     6.915560
8.598323e+07     6.537727
                  ...    
1.206072e+10     3.333071
1.208169e+10     3.366247
1.210266e+10     3.348743
1.212364e+10     3.356863
1.214461e+10     3.366962
Name: train_loss, Length: 581, dtype: float64"
rw_original-d=96_l=8_h=4-0.25,"tokens
262144.0      11.017916
2883584.0     10.161562
5505024.0      8.516354
8126464.0      7.690310
10747904.0     7.191695
13369344.0     6.980932
15990784.0     6.825027
18612224.0     6.626171
21233664.0     6.628201
23855104.0     6.496672
26476544.0     6.396753
29097984.0     6.312812
31719424.0     6.412236
34340864.0     6.194060
36962304.0     6.216547
39583744.0     6.194994
42205184.0     6.133743
44826624.0     6.198429
47448064.0     6.053428
50069504.0     6.170882
52690944.0     6.033797
52822016.0     6.104122
Name: train_loss, dtype: float64"
rw_original-d=96_l=8_h=4-0.5,"tokens
262144.0       11.017916
2883584.0      10.161558
5505024.0       8.516341
8126464.0       7.690246
10747904.0      7.191355
13369344.0      6.969909
15990784.0      6.816402
18612224.0      6.617596
21233664.0      6.621634
23855104.0      6.485158
26476544.0      6.380235
29097984.0      6.290863
31719424.0      6.380165
34340864.0      6.155983
36962304.0      6.154981
39583744.0      6.120639
42205184.0      6.042764
44826624.0      6.084103
47448064.0      5.919988
50069504.0      5.994341
52690944.0      5.844357
55312384.0      5.882475
57933824.0      5.889572
60555264.0      6.010661
63176704.0      5.876696
65798144.0      5.738524
68419584.0      5.828417
71041024.0      5.778064
73662464.0      5.728284
76283904.0      5.779320
78905344.0      5.866548
81526784.0      5.637177
84148224.0      5.743602
86769664.0      5.679388
89391104.0      5.712646
92012544.0      5.656346
94633984.0      5.611139
97255424.0      5.633356
99876864.0      5.738171
102498304.0     5.703384
105119744.0     5.692092
105644032.0     5.627738
Name: train_loss, dtype: float64"
rw_original-d=96_l=8_h=4-1.0,"tokens
262144.0       11.017916
2883584.0      10.161552
5505024.0       8.516375
8126464.0       7.690355
10747904.0      7.191447
                 ...    
202113024.0     5.339106
204734464.0     5.289863
207355904.0     5.455048
209977344.0     5.284328
211288064.0     5.371872
Name: train_loss, Length: 82, dtype: float64"
rw_original-d=96_l=8_h=4-16.0,"tokens
2.621440e+05    11.017916
2.883584e+06    10.161553
5.505024e+06     8.516354
8.126464e+06     7.690278
1.074790e+07     7.191099
                  ...    
3.373793e+09     4.560827
3.376415e+09     4.548862
3.379036e+09     4.577689
3.381658e+09     4.512671
3.382051e+09     4.582922
Name: train_loss, Length: 1296, dtype: float64"
rw_original-d=96_l=8_h=4-2.0,"tokens
262144.0       11.017916
2883584.0      10.161551
5505024.0       8.516358
8126464.0       7.690316
10747904.0      7.191238
                 ...    
412876800.0     5.029654
415498240.0     5.015839
418119680.0     5.028026
420741120.0     5.101655
422707200.0     5.015737
Name: train_loss, Length: 164, dtype: float64"
rw_original-d=96_l=8_h=4-32.0,"tokens
2.621440e+05    11.017916
2.883584e+06    10.161574
5.505024e+06     8.516337
8.126464e+06     7.690285
1.074790e+07     7.191329
                  ...    
6.754533e+09     4.487494
6.757155e+09     4.440434
6.759776e+09     4.508963
6.762398e+09     4.417511
6.764233e+09     4.474891
Name: train_loss, Length: 2584, dtype: float64"
rw_original-d=96_l=8_h=4-4.0,"tokens
262144.0       11.017916
2883584.0      10.161566
5505024.0       8.516360
8126464.0       7.690325
10747904.0      7.192009
                 ...    
835977216.0     4.762224
838598656.0     4.767287
841220096.0     4.785560
843841536.0     4.861675
845414400.0     4.804115
Name: train_loss, Length: 327, dtype: float64"
rw_original-d=96_l=8_h=4-8.0,"tokens
2.621440e+05    11.017916
2.883584e+06    10.161555
5.505024e+06     8.516340
8.126464e+06     7.690269
1.074790e+07     7.190950
                  ...    
1.680736e+09     4.681313
1.683358e+09     4.691995
1.685979e+09     4.743871
1.688601e+09     4.692749
1.690960e+09     4.667372
Name: train_loss, Length: 651, dtype: float64"
rw_original-open_lm_1b-1.0,"tokens
1.048576e+06    11.011164
1.153434e+07     9.165564
2.202010e+07     8.289421
3.250586e+07     7.464510
4.299162e+07     7.030159
                  ...    
2.875929e+10     2.725202
2.876978e+10     2.752756
2.878027e+10     2.771993
2.879075e+10     2.750974
2.879547e+10     2.745813
Name: train_loss, Length: 2750, dtype: float64"
